duration_minutes,price_above_average,days_to_departure,airline_British Airways,airline_KLM,airline_Norwegian Air Sweden,airline_Other,airline_Ryanair,airline_Scandinavian Airlines,airline_easyJet,source_city_Aarhus,source_city_Billund,source_city_Copenhagen,number_of_stops_0,number_of_stops_1,number_of_stops_2,day_of_week_Friday,day_of_week_Monday,day_of_week_Saturday,day_of_week_Sunday,day_of_week_Thursday,day_of_week_Tuesday,day_of_week_Wednesday,time_of_day_night,time_of_day_morning,time_of_day_afternoon,time_of_day_evening
505,True,1,False,False,False,True,False,False,False,False,False,True,False,True,False,False,True,False,False,False,False,False,False,False,True,False
120,True,1,True,False,False,False,False,False,False,False,False,True,True,False,False,False,True,False,False,False,False,False,False,False,True,False
115,False,1,False,False,True,False,False,False,False,False,False,True,True,False,False,False,True,False,False,False,False,False,False,False,True,False
110,False,1,False,False,False,False,True,False,False,False,False,True,True,False,False,False,True,False,False,False,False,False,False,False,True,False
365,True,1,False,False,False,True,False,False,False,False,False,True,False,False,True,False,True,False,False,False,False,False,False,False,True,False
530,True,1,False,False,False,True,False,False,False,False,True,False,False,False,True,False,True,False,False,False,False,False,False,False,True,False
515,True,1,False,False,False,True,False,False,False,False,False,True,False,True,False,False,True,False,False,False,False,False,False,False,True,False
315,True,1,False,False,False,True,False,False,False,False,False,True,False,True,False,False,True,False,False,False,False,False,False,False,True,False
290,True,1,False,False,False,False,False,True,False,True,False,False,False,True,False,False,True,False,False,False,False,False,False,False,True,False
415,True,1,False,False,False,False,False,True,False,True,False,False,False,False,True,False,True,False,False,False,False,False,False,False,True,False
220,True,1,False,False,False,False,False,True,False,True,False,False,False,True,False,False,True,False,False,False,False,False,False,False,True,False
400,True,1,False,False,False,False,False,True,False,True,False,False,False,False,True,False,True,False,False,False,False,False,False,False,True,False
225,True,1,False,False,False,False,False,True,False,True,False,False,False,True,False,False,True,False,False,False,False,False,False,False,True,False
315,True,1,False,False,False,False,False,True,False,True,False,False,False,True,False,False,True,False,False,False,False,False,False,False,True,False
375,True,1,False,False,False,False,False,True,False,True,False,False,False,False,True,False,True,False,False,False,False,False,False,False,True,False
395,True,1,False,False,False,False,False,True,False,True,False,False,False,False,True,False,True,False,False,False,False,False,False,False,True,False
270,True,1,False,False,True,False,False,False,False,False,False,True,False,True,False,False,True,False,False,False,False,False,False,False,True,False
395,True,1,False,False,False,True,False,False,False,False,False,True,False,True,False,False,True,False,False,False,False,False,False,False,True,False
285,True,1,False,False,False,False,False,True,False,False,True,False,False,True,False,False,True,False,False,False,False,False,False,False,True,False
380,True,1,False,False,False,False,False,True,False,False,True,False,False,True,False,False,True,False,False,False,False,False,False,False,True,False
280,False,1,False,False,False,False,False,True,False,True,False,False,False,True,False,False,True,False,False,False,False,False,False,False,True,False
120,True,1,True,False,False,False,False,False,False,False,False,True,True,False,False,False,True,False,False,False,False,False,False,False,True,False
275,True,1,False,False,False,True,False,False,False,False,True,False,False,True,False,False,True,False,False,False,False,False,False,False,True,False
420,True,1,False,False,False,True,False,False,False,False,True,False,False,True,False,False,True,False,False,False,False,False,False,False,True,False
280,True,1,False,False,False,True,False,False,False,False,False,True,False,True,False,False,True,False,False,False,False,False,False,False,True,False
120,True,1,False,False,False,False,False,True,False,False,False,True,True,False,False,False,True,False,False,False,False,False,False,False,True,False
250,True,1,False,False,True,False,False,False,False,False,False,True,False,True,False,False,True,False,False,False,False,False,False,False,True,False
315,True,1,False,False,False,False,False,True,False,False,False,True,False,True,False,False,True,False,False,False,False,False,False,False,True,False
280,True,1,False,False,False,True,False,False,False,False,False,True,False,True,False,False,True,False,False,False,False,False,False,False,True,False
330,True,1,False,False,False,False,False,True,False,False,False,True,False,True,False,False,True,False,False,False,False,False,False,False,True,False
105,False,1,True,False,False,False,False,False,False,False,True,False,True,False,False,False,True,False,False,False,False,False,False,False,True,False
125,False,1,False,False,False,False,False,False,True,False,False,True,True,False,False,False,True,False,False,False,False,False,False,False,True,False
115,False,1,False,False,True,False,False,False,False,False,False,True,True,False,False,False,True,False,False,False,False,False,False,False,True,False
340,True,1,False,False,False,False,False,False,True,False,False,True,False,True,False,False,True,False,False,False,False,False,False,False,True,False
300,True,1,False,False,False,True,False,False,False,False,False,True,False,True,False,False,True,False,False,False,False,False,False,False,True,False
235,True,1,False,False,False,True,False,False,False,False,False,True,False,True,False,False,True,False,False,False,False,False,False,False,True,False
100,True,1,True,False,False,False,False,False,False,False,True,False,True,False,False,False,True,False,False,False,False,False,False,False,True,False
225,True,1,False,False,False,True,False,False,False,False,False,True,False,True,False,False,True,False,False,False,False,False,False,False,True,False
120,True,1,True,False,False,False,False,False,False,False,False,True,True,False,False,False,True,False,False,False,False,False,False,False,True,False
120,True,1,False,False,False,False,False,True,False,False,False,True,True,False,False,False,True,False,False,False,False,False,False,False,True,False
345,True,1,False,False,True,False,False,False,False,False,False,True,False,True,False,False,True,False,False,False,False,False,False,False,True,False
115,False,1,False,False,True,False,False,False,False,False,False,True,True,False,False,False,True,False,False,False,False,False,False,False,False,True
305,True,1,False,False,True,False,False,False,False,False,False,True,False,True,False,False,True,False,False,False,False,False,False,False,False,True
680,True,1,False,True,False,False,False,False,False,False,False,True,False,True,False,False,True,False,False,False,False,False,False,False,False,True
120,True,1,True,False,False,False,False,False,False,False,False,True,True,False,False,False,True,False,False,False,False,False,False,False,False,True
110,False,1,False,False,False,False,True,False,False,False,False,True,True,False,False,False,True,False,False,False,False,False,False,False,False,True
205,True,2,False,False,False,False,False,True,False,True,False,False,False,True,False,False,False,False,False,False,True,False,True,False,False,False
110,False,2,False,False,False,False,True,False,False,False,False,True,True,False,False,False,False,False,False,False,True,False,True,False,False,False
100,True,2,True,False,False,False,False,False,False,False,True,False,True,False,False,False,False,False,False,False,True,False,False,True,False,False
140,False,2,False,False,True,False,False,False,False,False,False,True,True,False,False,False,False,False,False,False,True,False,False,True,False,False
105,False,2,False,False,False,False,True,False,False,True,False,False,True,False,False,False,False,False,False,False,True,False,False,True,False,False
390,True,2,False,False,False,False,False,True,False,True,False,False,False,True,False,False,False,False,False,False,True,False,False,True,False,False
320,True,2,False,False,False,False,False,True,False,True,False,False,False,True,False,False,False,False,False,False,True,False,False,True,False,False
390,True,2,False,False,False,True,False,False,False,False,True,False,False,True,False,False,False,False,False,False,True,False,False,True,False,False
95,False,2,False,False,False,False,True,False,False,False,True,False,True,False,False,False,False,False,False,False,True,False,False,False,True,False
115,False,2,False,False,True,False,False,False,False,False,False,True,True,False,False,False,False,False,False,False,True,False,False,False,True,False
115,False,2,False,False,False,False,True,False,False,False,False,True,True,False,False,False,False,False,False,False,True,False,False,False,True,False
395,True,2,False,False,False,True,False,False,False,False,True,False,False,True,False,False,False,False,False,False,True,False,False,False,True,False
435,True,2,False,False,False,True,False,False,False,False,True,False,False,True,False,False,False,False,False,False,True,False,False,False,True,False
115,False,2,False,False,True,False,False,False,False,False,False,True,True,False,False,False,False,False,False,False,True,False,False,False,True,False
400,True,2,False,False,False,False,False,True,False,True,False,False,False,False,True,False,False,False,False,False,True,False,False,False,True,False
220,True,2,False,False,False,False,False,True,False,True,False,False,False,True,False,False,False,False,False,False,True,False,False,False,True,False
290,True,2,False,False,False,False,False,True,False,True,False,False,False,True,False,False,False,False,False,False,True,False,False,False,True,False
415,True,2,False,False,False,False,False,True,False,True,False,False,False,False,True,False,False,False,False,False,True,False,False,False,True,False
280,True,2,False,False,False,False,False,True,False,True,False,False,False,True,False,False,False,False,False,False,True,False,False,False,True,False
120,True,2,True,False,False,False,False,False,False,False,False,True,True,False,False,False,False,False,False,False,True,False,False,False,True,False
275,True,2,False,False,False,True,False,False,False,False,True,False,False,True,False,False,False,False,False,False,True,False,False,False,True,False
105,False,2,True,False,False,False,False,False,False,False,True,False,True,False,False,False,False,False,False,False,True,False,False,False,True,False
115,False,2,False,False,True,False,False,False,False,False,False,True,True,False,False,False,False,False,False,False,True,False,False,False,True,False
125,False,2,False,False,False,False,False,False,True,False,False,True,True,False,False,False,False,False,False,False,True,False,False,False,True,False
100,True,2,True,False,False,False,False,False,False,False,True,False,True,False,False,False,False,False,False,False,True,False,False,False,True,False
265,True,2,False,False,False,False,False,True,False,True,False,False,False,True,False,False,False,False,False,False,True,False,False,False,True,False
115,False,2,False,False,True,False,False,False,False,False,False,True,True,False,False,False,False,False,False,False,True,False,False,False,False,True
95,False,2,False,False,False,False,True,False,False,False,True,False,True,False,False,False,False,False,False,False,True,False,False,False,False,True
95,False,2,False,False,False,False,True,False,False,False,True,False,True,False,False,False,False,False,False,False,True,False,False,False,False,True
110,False,2,False,False,False,False,True,False,False,False,False,True,True,False,False,False,False,False,False,False,True,False,False,False,False,True
110,False,3,False,False,False,False,True,False,False,False,False,True,True,False,False,False,False,False,False,False,False,True,True,False,False,False
205,True,3,False,False,False,False,False,True,False,True,False,False,False,True,False,False,False,False,False,False,False,True,True,False,False,False
140,False,3,False,False,True,False,False,False,False,False,False,True,True,False,False,False,False,False,False,False,False,True,False,True,False,False
105,False,3,False,False,False,False,True,False,False,True,False,False,True,False,False,False,False,False,False,False,False,True,False,True,False,False
115,False,3,False,False,True,False,False,False,False,False,False,True,True,False,False,False,False,False,False,False,False,True,False,False,True,False
110,False,3,False,False,False,False,True,False,False,False,False,True,True,False,False,False,False,False,False,False,False,True,False,False,True,False
115,False,3,False,False,True,False,False,False,False,False,False,True,True,False,False,False,False,False,False,False,False,True,False,False,True,False
290,True,3,False,False,False,False,False,True,False,True,False,False,False,True,False,False,False,False,False,False,False,True,False,False,True,False
400,True,3,False,False,False,False,False,True,False,True,False,False,False,False,True,False,False,False,False,False,False,True,False,False,True,False
220,True,3,False,False,False,False,False,True,False,True,False,False,False,True,False,False,False,False,False,False,False,True,False,False,True,False
415,True,3,False,False,False,False,False,True,False,True,False,False,False,False,True,False,False,False,False,False,False,True,False,False,True,False
125,False,3,False,False,False,True,False,False,False,False,False,True,True,False,False,False,False,False,False,False,False,True,False,False,True,False
125,False,3,False,False,False,False,False,False,True,False,False,True,True,False,False,False,False,False,False,False,False,True,False,False,True,False
115,False,3,False,False,True,False,False,False,False,False,False,True,True,False,False,False,False,False,False,False,False,True,False,False,True,False
110,False,3,False,False,False,False,True,False,False,False,False,True,True,False,False,False,False,False,False,False,False,True,False,False,True,False
270,True,3,False,False,False,False,False,True,False,True,False,False,False,True,False,False,False,False,False,False,False,True,False,False,True,False
115,False,3,False,False,True,False,False,False,False,False,False,True,True,False,False,False,False,False,False,False,False,True,False,False,False,True
205,False,4,False,False,False,False,False,True,False,True,False,False,False,True,False,False,False,False,False,True,False,False,True,False,False,False
525,False,4,False,False,False,False,False,True,False,True,False,False,False,True,False,False,False,False,False,True,False,False,True,False,False,False
140,False,4,False,False,True,False,False,False,False,False,False,True,True,False,False,False,False,False,False,True,False,False,False,True,False,False
465,False,4,False,False,False,False,False,True,False,True,False,False,False,True,False,False,False,False,False,True,False,False,False,True,False,False
110,False,4,False,False,False,False,True,False,False,False,False,True,True,False,False,False,False,False,False,True,False,False,False,True,False,False
85,False,4,False,False,False,False,True,False,False,False,True,False,True,False,False,False,False,False,False,True,False,False,False,True,False,False
390,False,4,False,False,False,False,False,True,False,True,False,False,False,True,False,False,False,False,False,True,False,False,False,True,False,False
415,True,4,False,False,False,False,False,True,False,True,False,False,False,False,True,False,False,False,False,True,False,False,False,True,False,False
110,False,4,False,False,False,False,True,False,False,False,False,True,True,False,False,False,False,False,False,True,False,False,False,True,False,False
300,True,4,False,False,False,True,False,False,False,False,True,False,False,True,False,False,False,False,False,True,False,False,False,False,True,False
95,False,4,False,False,False,False,True,False,False,False,True,False,True,False,False,False,False,False,False,True,False,False,False,False,True,False
115,False,4,False,False,True,False,False,False,False,False,False,True,True,False,False,False,False,False,False,True,False,False,False,False,True,False
200,True,4,False,True,False,False,False,False,False,False,True,False,False,True,False,False,False,False,False,True,False,False,False,False,True,False
255,True,4,False,True,False,False,False,False,False,False,True,False,False,True,False,False,False,False,False,True,False,False,False,False,True,False
230,True,4,False,False,False,True,False,False,False,False,True,False,False,True,False,False,False,False,False,True,False,False,False,False,True,False
105,False,4,False,False,False,False,True,False,False,True,False,False,True,False,False,False,False,False,False,True,False,False,False,False,True,False
115,False,4,False,False,False,True,False,False,False,False,False,True,True,False,False,False,False,False,False,True,False,False,False,False,True,False
115,False,4,False,False,True,False,False,False,False,False,False,True,True,False,False,False,False,False,False,True,False,False,False,False,True,False
290,False,4,False,False,False,False,False,True,False,True,False,False,False,True,False,False,False,False,False,True,False,False,False,False,True,False
400,False,4,False,False,False,False,False,True,False,True,False,False,False,False,True,False,False,False,False,True,False,False,False,False,True,False
265,True,4,False,True,False,False,False,False,False,False,True,False,False,True,False,False,False,False,False,True,False,False,False,False,True,False
105,True,4,True,False,False,False,False,False,False,False,True,False,True,False,False,False,False,False,False,True,False,False,False,False,True,False
280,False,4,False,False,False,False,False,True,False,True,False,False,False,True,False,False,False,False,False,True,False,False,False,False,True,False
95,False,4,False,False,False,False,True,False,False,False,True,False,True,False,False,False,False,False,False,True,False,False,False,False,True,False
115,False,4,False,False,True,False,False,False,False,False,False,True,True,False,False,False,False,False,False,True,False,False,False,False,True,False
100,True,4,True,False,False,False,False,False,False,False,True,False,True,False,False,False,False,False,False,True,False,False,False,False,True,False
265,False,4,False,False,False,False,False,True,False,True,False,False,False,True,False,False,False,False,False,True,False,False,False,False,True,False
115,False,4,False,False,True,False,False,False,False,False,False,True,True,False,False,False,False,False,False,True,False,False,False,False,False,True
115,False,4,False,False,False,True,False,False,False,False,False,True,True,False,False,False,False,False,False,True,False,False,False,False,False,True
125,False,4,False,False,False,False,False,False,True,False,False,True,True,False,False,False,False,False,False,True,False,False,False,False,False,True
275,False,5,False,False,False,False,False,True,False,False,True,False,False,True,False,True,False,False,False,False,False,False,True,False,False,False
445,True,5,False,False,False,False,False,True,False,True,False,False,False,False,True,True,False,False,False,False,False,False,True,False,False,False
205,True,5,False,False,False,False,False,True,False,True,False,False,False,True,False,True,False,False,False,False,False,False,True,False,False,False
110,False,5,False,False,False,False,True,False,False,False,False,True,True,False,False,True,False,False,False,False,False,False,True,False,False,False
135,False,5,False,False,True,False,False,False,False,False,False,True,True,False,False,True,False,False,False,False,False,False,True,False,False,False
135,False,5,False,False,False,True,False,False,False,False,False,True,True,False,False,True,False,False,False,False,False,False,True,False,False,False
140,False,5,False,False,True,False,False,False,False,False,False,True,True,False,False,True,False,False,False,False,False,False,False,True,False,False
120,False,5,False,False,False,False,False,False,True,False,False,True,True,False,False,True,False,False,False,False,False,False,False,True,False,False
245,False,5,False,False,False,False,False,True,False,True,False,False,False,True,False,True,False,False,False,False,False,False,False,True,False,False
480,False,5,False,False,False,False,False,True,False,True,False,False,False,False,True,True,False,False,False,False,False,False,False,True,False,False
565,False,5,False,False,False,False,False,True,False,True,False,False,False,False,True,True,False,False,False,False,False,False,False,True,False,False
300,True,5,False,False,False,True,False,False,False,False,True,False,False,True,False,True,False,False,False,False,False,False,False,False,True,False
95,False,5,False,False,False,False,True,False,False,False,True,False,True,False,False,True,False,False,False,False,False,False,False,False,True,False
115,False,5,False,False,True,False,False,False,False,False,False,True,True,False,False,True,False,False,False,False,False,False,False,False,True,False
350,False,5,False,False,False,False,False,True,False,False,True,False,False,True,False,True,False,False,False,False,False,False,False,False,True,False
110,False,5,False,False,False,False,True,False,False,False,False,True,True,False,False,True,False,False,False,False,False,False,False,False,True,False
95,False,5,False,False,False,False,True,False,False,False,True,False,True,False,False,True,False,False,False,False,False,False,False,False,True,False
220,True,5,False,False,False,False,False,True,False,True,False,False,False,True,False,True,False,False,False,False,False,False,False,False,True,False
290,False,5,False,False,False,False,False,True,False,True,False,False,False,True,False,True,False,False,False,False,False,False,False,False,True,False
400,False,5,False,False,False,False,False,True,False,True,False,False,False,False,True,True,False,False,False,False,False,False,False,False,True,False
280,False,5,False,False,False,False,False,True,False,True,False,False,False,True,False,True,False,False,False,False,False,False,False,False,True,False
275,True,5,False,False,False,True,False,False,False,False,True,False,False,True,False,True,False,False,False,False,False,False,False,False,True,False
105,False,5,True,False,False,False,False,False,False,False,True,False,True,False,False,True,False,False,False,False,False,False,False,False,True,False
115,False,5,False,False,True,False,False,False,False,False,False,True,True,False,False,True,False,False,False,False,False,False,False,False,True,False
100,True,5,True,False,False,False,False,False,False,False,True,False,True,False,False,True,False,False,False,False,False,False,False,False,True,False
115,False,5,False,False,True,False,False,False,False,False,False,True,True,False,False,True,False,False,False,False,False,False,False,False,False,True
240,True,5,False,False,False,True,False,False,False,False,True,False,False,True,False,True,False,False,False,False,False,False,False,False,False,True
420,False,5,False,False,True,False,False,False,False,True,False,False,False,True,False,True,False,False,False,False,False,False,False,False,False,True
95,False,5,False,False,False,False,True,False,False,False,True,False,True,False,False,True,False,False,False,False,False,False,False,False,False,True
125,False,5,False,False,False,False,False,False,True,False,False,True,True,False,False,True,False,False,False,False,False,False,False,False,False,True
485,False,6,False,False,False,False,False,True,False,True,False,False,False,True,False,False,False,True,False,False,False,False,True,False,False,False
360,True,6,False,False,False,False,False,True,False,True,False,False,False,False,True,False,False,True,False,False,False,False,True,False,False,False
545,True,6,False,False,False,False,False,True,False,True,False,False,False,False,True,False,False,True,False,False,False,False,True,False,False,False
445,True,6,False,False,False,False,False,True,False,True,False,False,False,False,True,False,False,True,False,False,False,False,True,False,False,False
140,False,6,False,False,True,False,False,False,False,False,False,True,True,False,False,False,False,True,False,False,False,False,False,True,False,False
110,False,6,False,False,False,False,True,False,False,False,False,True,True,False,False,False,False,True,False,False,False,False,False,True,False,False
105,False,6,False,False,False,False,True,False,False,True,False,False,True,False,False,False,False,True,False,False,False,False,False,True,False,False
260,True,6,False,False,False,False,False,True,False,True,False,False,False,True,False,False,False,True,False,False,False,False,False,True,False,False
430,True,6,False,False,False,False,False,True,False,True,False,False,False,False,True,False,False,True,False,False,False,False,False,True,False,False
120,False,6,False,False,False,False,False,False,True,False,False,True,True,False,False,False,False,True,False,False,False,False,False,True,False,False
575,True,6,False,False,True,False,False,False,False,True,False,False,False,True,False,False,False,True,False,False,False,False,False,True,False,False
570,True,6,False,False,True,False,False,False,False,True,False,False,False,True,False,False,False,True,False,False,False,False,False,True,False,False
555,True,6,False,False,True,False,False,False,False,True,False,False,False,True,False,False,False,True,False,False,False,False,False,True,False,False
125,True,6,True,False,False,False,False,False,False,False,False,True,True,False,False,False,False,True,False,False,False,False,False,True,False,False
110,False,6,False,False,False,False,True,False,False,False,False,True,True,False,False,False,False,True,False,False,False,False,False,True,False,False
95,False,6,False,False,False,False,True,False,False,False,True,False,True,False,False,False,False,True,False,False,False,False,False,True,False,False
300,True,6,False,False,False,True,False,False,False,False,True,False,False,True,False,False,False,True,False,False,False,False,False,False,True,False
115,False,6,False,False,True,False,False,False,False,False,False,True,True,False,False,False,False,True,False,False,False,False,False,False,True,False
260,True,6,False,True,False,False,False,False,False,False,True,False,False,True,False,False,False,True,False,False,False,False,False,False,True,False
390,False,6,False,False,False,True,False,False,False,False,True,False,False,True,False,False,False,True,False,False,False,False,False,False,True,False
285,True,6,False,False,False,True,False,False,False,False,True,False,False,True,False,False,False,True,False,False,False,False,False,False,True,False
120,True,6,False,False,False,False,False,True,False,False,False,True,True,False,False,False,False,True,False,False,False,False,False,False,True,False
95,False,6,False,False,False,False,True,False,False,False,True,False,True,False,False,False,False,True,False,False,False,False,False,False,True,False
105,False,6,True,False,False,False,False,False,False,False,True,False,True,False,False,False,False,True,False,False,False,False,False,False,True,False
110,False,6,False,False,False,False,True,False,False,False,False,True,True,False,False,False,False,True,False,False,False,False,False,False,True,False
205,True,6,False,True,False,False,False,False,False,False,True,False,False,True,False,False,False,True,False,False,False,False,False,False,True,False
240,True,6,False,False,False,True,False,False,False,False,True,False,False,True,False,False,False,True,False,False,False,False,False,False,False,True
120,False,6,True,False,False,False,False,False,False,False,False,True,True,False,False,False,False,True,False,False,False,False,False,False,False,True
120,False,6,True,False,False,False,False,False,False,False,False,True,True,False,False,False,False,True,False,False,False,False,False,False,False,True
95,False,6,False,False,False,False,True,False,False,False,True,False,True,False,False,False,False,True,False,False,False,False,False,False,False,True
300,True,7,False,False,False,True,False,False,False,False,True,False,False,True,False,False,False,False,True,False,False,False,True,False,False,False
140,False,7,False,False,False,True,False,False,False,False,False,True,True,False,False,False,False,False,True,False,False,False,False,True,False,False
140,False,7,False,False,True,False,False,False,False,False,False,True,True,False,False,False,False,False,True,False,False,False,False,True,False,False
105,False,7,False,False,False,False,True,False,False,True,False,False,True,False,False,False,False,False,True,False,False,False,False,True,False,False
115,False,7,False,False,True,False,False,False,False,False,False,True,True,False,False,False,False,False,True,False,False,False,False,True,False,False
115,False,7,False,False,False,False,False,False,True,False,False,True,True,False,False,False,False,False,True,False,False,False,False,True,False,False
115,False,7,False,False,True,False,False,False,False,False,False,True,True,False,False,False,False,False,True,False,False,False,False,True,False,False
115,False,7,False,False,False,True,False,False,False,False,False,True,True,False,False,False,False,False,True,False,False,False,False,True,False,False
115,False,7,False,False,True,False,False,False,False,False,False,True,True,False,False,False,False,False,True,False,False,False,False,False,True,False
420,False,7,False,False,False,False,False,True,False,False,True,False,False,True,False,False,False,False,True,False,False,False,False,False,True,False
355,True,7,False,False,False,True,False,False,False,False,True,False,False,True,False,False,False,False,True,False,False,False,False,False,True,False
260,True,7,False,True,False,False,False,False,False,False,True,False,False,True,False,False,False,False,True,False,False,False,False,False,True,False
215,True,7,False,True,False,False,False,False,False,False,True,False,False,True,False,False,False,False,True,False,False,False,False,False,True,False
270,True,7,False,True,False,False,False,False,False,False,True,False,False,True,False,False,False,False,True,False,False,False,False,False,True,False
105,True,7,True,False,False,False,False,False,False,False,True,False,True,False,False,False,False,False,True,False,False,False,False,False,True,False
315,True,7,False,False,False,False,False,True,False,False,True,False,False,True,False,False,False,False,True,False,False,False,False,False,True,False
205,True,7,False,True,False,False,False,False,False,False,True,False,False,True,False,False,False,False,True,False,False,False,False,False,True,False
110,False,7,False,False,False,False,True,False,False,False,False,True,True,False,False,False,False,False,True,False,False,False,False,False,True,False
115,False,7,False,False,True,False,False,False,False,False,False,True,True,False,False,False,False,False,True,False,False,False,False,False,False,True
125,False,7,False,False,False,False,False,False,True,False,False,True,True,False,False,False,False,False,True,False,False,False,False,False,False,True
240,True,8,False,True,False,False,False,False,False,False,True,False,False,True,False,False,True,False,False,False,False,False,True,False,False,False
275,False,8,False,False,False,False,False,True,False,False,True,False,False,True,False,False,True,False,False,False,False,False,True,False,False,False
525,False,8,False,False,False,False,False,True,False,True,False,False,False,True,False,False,True,False,False,False,False,False,True,False,False,False
135,False,8,False,False,True,False,False,False,False,False,False,True,True,False,False,False,True,False,False,False,False,False,True,False,False,False
140,True,8,False,False,True,False,False,False,False,False,False,True,True,False,False,False,True,False,False,False,False,False,False,True,False,False
455,False,8,False,False,False,False,False,True,False,False,False,True,False,True,False,False,True,False,False,False,False,False,False,True,False,False
385,False,8,False,False,False,False,False,True,False,False,False,True,False,True,False,False,True,False,False,False,False,False,False,True,False,False
635,False,8,False,False,False,False,False,True,False,True,False,False,False,False,True,False,True,False,False,False,False,False,False,True,False,False
560,False,8,False,False,False,False,False,True,False,True,False,False,False,False,True,False,True,False,False,False,False,False,False,True,False,False
280,True,8,False,False,False,True,False,False,False,False,True,False,False,True,False,False,True,False,False,False,False,False,False,True,False,False
470,False,8,False,False,False,False,False,True,False,False,False,True,False,True,False,False,True,False,False,False,False,False,False,True,False,False
115,True,8,False,False,True,False,False,False,False,False,False,True,True,False,False,False,True,False,False,False,False,False,False,False,True,False
285,True,8,False,False,False,True,False,False,False,False,True,False,False,True,False,False,True,False,False,False,False,False,False,False,True,False
220,True,8,False,False,False,False,False,True,False,True,False,False,False,True,False,False,True,False,False,False,False,False,False,False,True,False
225,True,8,False,False,False,False,False,True,False,True,False,False,False,True,False,False,True,False,False,False,False,False,False,False,True,False
290,True,8,False,False,False,False,False,True,False,True,False,False,False,True,False,False,True,False,False,False,False,False,False,False,True,False
420,True,8,False,False,False,False,False,True,False,True,False,False,False,True,False,False,True,False,False,False,False,False,False,False,True,False
360,True,8,False,False,False,False,False,True,False,True,False,False,False,False,True,False,True,False,False,False,False,False,False,False,True,False
400,True,8,False,False,False,False,False,True,False,True,False,False,False,False,True,False,True,False,False,False,False,False,False,False,True,False
285,True,8,False,False,False,False,False,True,False,False,True,False,False,True,False,False,True,False,False,False,False,False,False,False,True,False
280,True,8,False,False,False,False,False,True,False,True,False,False,False,True,False,False,True,False,False,False,False,False,False,False,True,False
380,True,8,False,False,False,False,False,True,False,False,True,False,False,True,False,False,True,False,False,False,False,False,False,False,True,False
120,True,8,False,False,False,False,False,True,False,False,False,True,True,False,False,False,True,False,False,False,False,False,False,False,True,False
115,True,8,False,False,True,False,False,False,False,False,False,True,True,False,False,False,True,False,False,False,False,False,False,False,True,False
95,True,8,False,False,False,False,True,False,False,False,True,False,True,False,False,False,True,False,False,False,False,False,False,False,True,False
205,True,8,False,True,False,False,False,False,False,False,True,False,False,True,False,False,True,False,False,False,False,False,False,False,True,False
235,True,8,False,False,False,True,False,False,False,False,True,False,False,True,False,False,True,False,False,False,False,False,False,False,False,True
115,True,8,False,False,True,False,False,False,False,False,False,True,True,False,False,False,True,False,False,False,False,False,False,False,False,True
120,True,8,False,False,False,False,False,True,False,False,False,True,True,False,False,False,True,False,False,False,False,False,False,False,False,True
275,False,9,False,False,False,False,False,True,False,False,True,False,False,True,False,False,False,False,False,False,True,False,True,False,False,False
525,False,9,False,False,False,False,False,True,False,True,False,False,False,True,False,False,False,False,False,False,True,False,True,False,False,False
295,False,9,False,False,False,False,False,True,False,False,False,True,False,True,False,False,False,False,False,False,True,False,False,True,False,False
385,False,9,False,False,False,False,False,True,False,False,False,True,False,True,False,False,False,False,False,False,True,False,False,True,False,False
615,False,9,False,False,False,False,False,True,False,True,False,False,False,False,True,False,False,False,False,False,True,False,False,True,False,False
465,False,9,False,False,False,False,False,True,False,True,False,False,False,True,False,False,False,False,False,False,True,False,False,True,False,False
105,False,9,False,False,False,False,True,False,False,True,False,False,True,False,False,False,False,False,False,False,True,False,False,True,False,False
390,False,9,False,False,False,False,False,True,False,True,False,False,False,True,False,False,False,False,False,False,True,False,False,True,False,False
540,False,9,False,False,False,False,False,True,False,True,False,False,False,False,True,False,False,False,False,False,True,False,False,True,False,False
95,True,9,False,False,False,False,True,False,False,False,True,False,True,False,False,False,False,False,False,False,True,False,False,False,True,False
115,False,9,False,False,True,False,False,False,False,False,False,True,True,False,False,False,False,False,False,False,True,False,False,False,True,False
200,True,9,False,True,False,False,False,False,False,False,True,False,False,True,False,False,False,False,False,False,True,False,False,False,True,False
310,False,9,False,False,False,False,False,True,False,False,False,True,False,True,False,False,False,False,False,False,True,False,False,False,True,False
230,True,9,False,False,False,True,False,False,False,False,True,False,False,True,False,False,False,False,False,False,True,False,False,False,True,False
115,False,9,False,False,True,False,False,False,False,False,False,True,True,False,False,False,False,False,False,False,True,False,False,False,True,False
415,False,9,False,False,False,False,False,True,False,True,False,False,False,False,True,False,False,False,False,False,True,False,False,False,True,False
290,False,9,False,False,False,False,False,True,False,True,False,False,False,True,False,False,False,False,False,False,True,False,False,False,True,False
380,False,9,False,False,False,False,False,True,False,False,True,False,False,True,False,False,False,False,False,False,True,False,False,False,True,False
280,True,9,False,False,False,False,False,True,False,True,False,False,False,True,False,False,False,False,False,False,True,False,False,False,True,False
330,False,9,False,False,False,False,False,True,False,False,False,True,False,True,False,False,False,False,False,False,True,False,False,False,True,False
105,True,9,True,False,False,False,False,False,False,False,True,False,True,False,False,False,False,False,False,False,True,False,False,False,True,False
115,False,9,False,False,True,False,False,False,False,False,False,True,True,False,False,False,False,False,False,False,True,False,False,False,True,False
125,False,9,False,False,False,False,False,False,True,False,False,True,True,False,False,False,False,False,False,False,True,False,False,False,True,False
265,False,9,False,False,False,False,False,True,False,True,False,False,False,True,False,False,False,False,False,False,True,False,False,False,True,False
205,True,9,False,True,False,False,False,False,False,False,True,False,False,True,False,False,False,False,False,False,True,False,False,False,True,False
235,True,9,False,False,False,True,False,False,False,False,True,False,False,True,False,False,False,False,False,False,True,False,False,False,False,True
115,False,9,False,False,True,False,False,False,False,False,False,True,True,False,False,False,False,False,False,False,True,False,False,False,False,True
95,False,9,False,False,False,False,True,False,False,False,True,False,True,False,False,False,False,False,False,False,True,False,False,False,False,True
120,False,9,True,False,False,False,False,False,False,False,False,True,True,False,False,False,False,False,False,False,True,False,False,False,False,True
95,False,9,False,False,False,False,True,False,False,False,True,False,True,False,False,False,False,False,False,False,True,False,False,False,False,True
240,True,10,False,True,False,False,False,False,False,False,True,False,False,True,False,False,False,False,False,False,False,True,True,False,False,False
275,False,10,False,False,False,False,False,True,False,False,True,False,False,True,False,False,False,False,False,False,False,True,True,False,False,False
190,True,10,False,True,False,False,False,False,False,False,True,False,False,True,False,False,False,False,False,False,False,True,True,False,False,False
95,False,10,False,False,False,False,True,False,False,False,True,False,True,False,False,False,False,False,False,False,False,True,False,True,False,False
140,True,10,False,False,True,False,False,False,False,False,False,True,True,False,False,False,False,False,False,False,False,True,False,True,False,False
105,False,10,False,False,False,False,True,False,False,True,False,False,True,False,False,False,False,False,False,False,False,True,False,True,False,False
95,False,10,False,False,False,False,True,False,False,False,True,False,True,False,False,False,False,False,False,False,False,True,False,True,False,False
115,False,10,False,False,True,False,False,False,False,False,False,True,True,False,False,False,False,False,False,False,False,True,False,False,True,False
200,True,10,False,True,False,False,False,False,False,False,True,False,False,True,False,False,False,False,False,False,False,True,False,False,True,False
255,True,10,False,True,False,False,False,False,False,False,True,False,False,True,False,False,False,False,False,False,False,True,False,False,True,False
120,True,10,False,False,False,False,False,True,False,False,False,True,True,False,False,False,False,False,False,False,False,True,False,False,True,False
115,True,10,False,False,True,False,False,False,False,False,False,True,True,False,False,False,False,False,False,False,False,True,False,False,True,False
265,True,10,False,True,False,False,False,False,False,False,True,False,False,True,False,False,False,False,False,False,False,True,False,False,True,False
215,True,10,False,True,False,False,False,False,False,False,True,False,False,True,False,False,False,False,False,False,False,True,False,False,True,False
120,True,10,False,False,False,False,False,True,False,False,False,True,True,False,False,False,False,False,False,False,False,True,False,False,True,False
125,True,10,False,False,False,False,False,False,True,False,False,True,True,False,False,False,False,False,False,False,False,True,False,False,True,False
115,True,10,False,False,True,False,False,False,False,False,False,True,True,False,False,False,False,False,False,False,False,True,False,False,True,False
95,False,10,False,False,False,False,True,False,False,False,True,False,True,False,False,False,False,False,False,False,False,True,False,False,True,False
120,True,10,False,False,False,False,False,True,False,False,False,True,True,False,False,False,False,False,False,False,False,True,False,False,True,False
115,True,10,False,False,True,False,False,False,False,False,False,True,True,False,False,False,False,False,False,False,False,True,False,False,False,True
120,True,10,False,False,False,False,False,True,False,False,False,True,True,False,False,False,False,False,False,False,False,True,False,False,False,True
85,False,11,False,False,False,False,True,False,False,False,True,False,True,False,False,False,False,False,False,True,False,False,False,True,False,False
95,False,11,False,False,False,False,True,False,False,False,True,False,True,False,False,False,False,False,False,True,False,False,False,False,True,False
115,True,11,False,False,True,False,False,False,False,False,False,True,True,False,False,False,False,False,False,True,False,False,False,False,True,False
200,True,11,False,True,False,False,False,False,False,False,True,False,False,True,False,False,False,False,False,True,False,False,False,False,True,False
255,True,11,False,True,False,False,False,False,False,False,True,False,False,True,False,False,False,False,False,True,False,False,False,False,True,False
310,False,11,False,False,False,False,False,True,False,False,False,True,False,True,False,False,False,False,False,True,False,False,False,False,True,False
120,True,11,False,False,False,False,False,True,False,False,False,True,True,False,False,False,False,False,False,True,False,False,False,False,True,False
105,False,11,False,False,False,False,True,False,False,True,False,False,True,False,False,False,False,False,False,True,False,False,False,False,True,False
115,True,11,False,False,True,False,False,False,False,False,False,True,True,False,False,False,False,False,False,True,False,False,False,False,True,False
540,False,11,False,False,False,False,True,False,False,True,False,False,False,True,False,False,False,False,False,True,False,False,False,False,True,False
220,True,11,False,False,False,False,False,True,False,True,False,False,False,True,False,False,False,False,False,True,False,False,False,False,True,False
400,False,11,False,False,False,False,False,True,False,True,False,False,False,False,True,False,False,False,False,True,False,False,False,False,True,False
415,False,11,False,False,False,False,False,True,False,True,False,False,False,False,True,False,False,False,False,True,False,False,False,False,True,False
290,False,11,False,False,False,False,False,True,False,True,False,False,False,True,False,False,False,False,False,True,False,False,False,False,True,False
215,True,11,False,True,False,False,False,False,False,False,True,False,False,True,False,False,False,False,False,True,False,False,False,False,True,False
265,True,11,False,True,False,False,False,False,False,False,True,False,False,True,False,False,False,False,False,True,False,False,False,False,True,False
105,False,11,True,False,False,False,False,False,False,False,True,False,True,False,False,False,False,False,False,True,False,False,False,False,True,False
370,False,11,False,False,False,False,False,True,False,False,True,False,False,True,False,False,False,False,False,True,False,False,False,False,True,False
280,True,11,False,False,False,False,False,True,False,True,False,False,False,True,False,False,False,False,False,True,False,False,False,False,True,False
365,False,11,False,False,False,False,False,True,False,True,False,False,False,True,False,False,False,False,False,True,False,False,False,False,True,False
120,True,11,True,False,False,False,False,False,False,False,False,True,True,False,False,False,False,False,False,True,False,False,False,False,True,False
95,False,11,False,False,False,False,True,False,False,False,True,False,True,False,False,False,False,False,False,True,False,False,False,False,True,False
115,False,11,False,False,True,False,False,False,False,False,False,True,True,False,False,False,False,False,False,True,False,False,False,False,True,False
270,False,11,False,False,False,False,False,True,False,False,False,True,False,True,False,False,False,False,False,True,False,False,False,False,True,False
240,True,11,False,False,False,False,False,True,False,True,False,False,False,True,False,False,False,False,False,True,False,False,False,False,True,False
275,True,11,False,False,False,False,False,True,False,True,False,False,False,True,False,False,False,False,False,True,False,False,False,False,True,False
205,True,11,False,True,False,False,False,False,False,False,True,False,False,True,False,False,False,False,False,True,False,False,False,False,True,False
115,False,11,False,False,True,False,False,False,False,False,False,True,True,False,False,False,False,False,False,True,False,False,False,False,False,True
125,False,11,False,False,False,False,False,False,True,False,False,True,True,False,False,False,False,False,False,True,False,False,False,False,False,True
120,False,11,True,False,False,False,False,False,False,False,False,True,True,False,False,False,False,False,False,True,False,False,False,False,False,True
205,True,12,False,False,False,False,False,True,False,True,False,False,False,True,False,True,False,False,False,False,False,False,True,False,False,False
110,False,12,False,False,False,False,True,False,False,False,False,True,True,False,False,True,False,False,False,False,False,False,True,False,False,False
135,False,12,False,False,True,False,False,False,False,False,False,True,True,False,False,True,False,False,False,False,False,False,True,False,False,False
140,False,12,False,False,True,False,False,False,False,False,False,True,True,False,False,True,False,False,False,False,False,False,False,True,False,False
120,False,12,False,False,False,False,False,False,True,False,False,True,True,False,False,True,False,False,False,False,False,False,False,True,False,False
245,True,12,False,False,False,False,False,True,False,True,False,False,False,True,False,True,False,False,False,False,False,False,False,True,False,False
565,True,12,False,False,False,False,False,True,False,True,False,False,False,False,True,True,False,False,False,False,False,False,False,True,False,False
300,False,12,False,False,False,True,False,False,False,False,True,False,False,True,False,True,False,False,False,False,False,False,False,False,True,False
95,False,12,False,False,False,False,True,False,False,False,True,False,True,False,False,True,False,False,False,False,False,False,False,False,True,False
115,False,12,False,False,True,False,False,False,False,False,False,True,True,False,False,True,False,False,False,False,False,False,False,False,True,False
200,True,12,False,True,False,False,False,False,False,False,True,False,False,True,False,True,False,False,False,False,False,False,False,False,True,False
255,True,12,False,True,False,False,False,False,False,False,True,False,False,True,False,True,False,False,False,False,False,False,False,False,True,False
230,False,12,False,False,False,True,False,False,False,False,True,False,False,True,False,True,False,False,False,False,False,False,False,False,True,False
110,False,12,False,False,False,False,True,False,False,False,False,True,True,False,False,True,False,False,False,False,False,False,False,False,True,False
95,False,12,False,False,False,False,True,False,False,False,True,False,True,False,False,True,False,False,False,False,False,False,False,False,True,False
315,True,12,False,False,False,False,False,True,False,True,False,False,False,True,False,True,False,False,False,False,False,False,False,False,True,False
400,True,12,False,False,False,False,False,True,False,True,False,False,False,False,True,True,False,False,False,False,False,False,False,False,True,False
220,True,12,False,False,False,False,False,True,False,True,False,False,False,True,False,True,False,False,False,False,False,False,False,False,True,False
420,True,12,False,False,False,False,False,True,False,True,False,False,False,True,False,True,False,False,False,False,False,False,False,False,True,False
265,True,12,False,True,False,False,False,False,False,False,True,False,False,True,False,True,False,False,False,False,False,False,False,False,True,False
105,False,12,True,False,False,False,False,False,False,False,True,False,True,False,False,True,False,False,False,False,False,False,False,False,True,False
115,False,12,False,False,True,False,False,False,False,False,False,True,True,False,False,True,False,False,False,False,False,False,False,False,True,False
110,False,12,False,False,False,False,True,False,False,False,False,True,True,False,False,True,False,False,False,False,False,False,False,False,True,False
330,False,12,False,False,False,False,False,True,False,True,False,False,False,True,False,True,False,False,False,False,False,False,False,False,True,False
270,True,12,False,False,False,False,False,True,False,True,False,False,False,True,False,True,False,False,False,False,False,False,False,False,True,False
115,False,12,False,False,True,False,False,False,False,False,False,True,True,False,False,True,False,False,False,False,False,False,False,False,False,True
240,False,12,False,False,False,True,False,False,False,False,True,False,False,True,False,True,False,False,False,False,False,False,False,False,False,True
420,False,12,False,False,True,False,False,False,False,True,False,False,False,True,False,True,False,False,False,False,False,False,False,False,False,True
95,False,12,False,False,False,False,True,False,False,False,True,False,True,False,False,True,False,False,False,False,False,False,False,False,False,True
125,False,12,False,False,False,False,False,False,True,False,False,True,True,False,False,True,False,False,False,False,False,False,False,False,False,True
405,False,13,False,False,False,False,True,False,False,False,True,False,False,True,False,False,False,True,False,False,False,False,True,False,False,False
140,False,13,False,False,True,False,False,False,False,False,False,True,True,False,False,False,False,True,False,False,False,False,False,True,False,False
110,False,13,False,False,False,False,True,False,False,False,False,True,True,False,False,False,False,True,False,False,False,False,False,True,False,False
105,False,13,False,False,False,False,True,False,False,True,False,False,True,False,False,False,False,True,False,False,False,False,False,True,False,False
335,False,13,False,False,False,False,False,True,False,False,False,True,False,True,False,False,False,True,False,False,False,False,False,True,False,False
285,True,13,False,True,False,False,False,False,False,False,True,False,False,True,False,False,False,True,False,False,False,False,False,True,False,False
120,False,13,False,False,False,False,False,False,True,False,False,True,True,False,False,False,False,True,False,False,False,False,False,True,False,False
555,True,13,False,False,True,False,False,False,False,True,False,False,False,True,False,False,False,True,False,False,False,False,False,True,False,False
575,False,13,False,False,True,False,False,False,False,True,False,False,False,True,False,False,False,True,False,False,False,False,False,True,False,False
570,False,13,False,False,False,False,True,False,False,True,False,False,False,True,False,False,False,True,False,False,False,False,False,True,False,False
555,False,13,False,False,False,False,True,False,False,True,False,False,False,True,False,False,False,True,False,False,False,False,False,True,False,False
570,True,13,False,False,True,False,False,False,False,True,False,False,False,True,False,False,False,True,False,False,False,False,False,True,False,False
575,False,13,False,False,False,False,True,False,False,True,False,False,False,True,False,False,False,True,False,False,False,False,False,True,False,False
425,False,13,False,False,False,False,True,False,False,False,True,False,False,True,False,False,False,True,False,False,False,False,False,True,False,False
325,True,13,False,True,False,False,False,False,False,False,True,False,False,True,False,False,False,True,False,False,False,False,False,True,False,False
110,True,13,False,False,False,False,True,False,False,False,False,True,True,False,False,False,False,True,False,False,False,False,False,True,False,False
95,False,13,False,False,False,False,True,False,False,False,True,False,True,False,False,False,False,True,False,False,False,False,False,True,False,False
120,True,13,False,False,False,False,False,True,False,False,False,True,True,False,False,False,False,True,False,False,False,False,False,True,False,False
115,False,13,False,False,True,False,False,False,False,False,False,True,True,False,False,False,False,True,False,False,False,False,False,False,True,False
260,True,13,False,True,False,False,False,False,False,False,True,False,False,True,False,False,False,True,False,False,False,False,False,False,True,False
120,True,13,False,False,False,False,False,True,False,False,False,True,True,False,False,False,False,True,False,False,False,False,False,False,True,False
95,False,13,False,False,False,False,True,False,False,False,True,False,True,False,False,False,False,True,False,False,False,False,False,False,True,False
105,False,13,True,False,False,False,False,False,False,False,True,False,True,False,False,False,False,True,False,False,False,False,False,False,True,False
110,False,13,False,False,False,False,True,False,False,False,False,True,True,False,False,False,False,True,False,False,False,False,False,False,True,False
205,True,13,False,True,False,False,False,False,False,False,True,False,False,True,False,False,False,True,False,False,False,False,False,False,True,False
120,False,13,True,False,False,False,False,False,False,False,False,True,True,False,False,False,False,True,False,False,False,False,False,False,False,True
95,False,13,False,False,False,False,True,False,False,False,True,False,True,False,False,False,False,True,False,False,False,False,False,False,False,True
345,True,14,False,True,False,False,False,False,False,False,True,False,False,True,False,False,False,False,True,False,False,False,True,False,False,False
140,True,14,False,False,True,False,False,False,False,False,False,True,True,False,False,False,False,False,True,False,False,False,False,True,False,False
105,False,14,False,False,False,False,True,False,False,True,False,False,True,False,False,False,False,False,True,False,False,False,False,True,False,False
580,True,14,False,False,False,False,False,True,False,True,False,False,False,False,True,False,False,False,True,False,False,False,False,True,False,False
605,False,14,False,False,False,False,False,True,False,True,False,False,False,False,True,False,False,False,True,False,False,False,False,True,False,False
490,True,14,False,False,True,False,False,False,False,True,False,False,False,True,False,False,False,False,True,False,False,False,False,True,False,False
460,True,14,False,False,True,False,False,False,False,True,False,False,False,True,False,False,False,False,True,False,False,False,False,True,False,False
115,True,14,False,False,True,False,False,False,False,False,False,True,True,False,False,False,False,False,True,False,False,False,False,True,False,False
120,True,14,False,False,False,False,False,False,True,False,False,True,True,False,False,False,False,False,True,False,False,False,False,True,False,False
115,True,14,False,False,True,False,False,False,False,False,False,True,True,False,False,False,False,False,True,False,False,False,False,True,False,False
550,False,14,False,False,False,False,True,False,False,False,True,False,False,True,False,False,False,False,True,False,False,False,False,True,False,False
460,False,14,False,False,False,False,True,False,False,True,False,False,False,True,False,False,False,False,True,False,False,False,False,False,True,False
295,True,14,False,False,False,False,False,True,False,False,True,False,False,True,False,False,False,False,True,False,False,False,False,False,True,False
95,True,14,False,False,False,False,True,False,False,False,True,False,True,False,False,False,False,False,True,False,False,False,False,False,True,False
425,True,14,False,False,False,False,False,True,False,True,False,False,False,True,False,False,False,False,True,False,False,False,False,False,True,False
405,True,14,False,False,False,False,False,True,False,True,False,False,False,False,True,False,False,False,True,False,False,False,False,False,True,False
270,True,14,False,True,False,False,False,False,False,False,True,False,False,True,False,False,False,False,True,False,False,False,False,False,True,False
105,False,14,True,False,False,False,False,False,False,False,True,False,True,False,False,False,False,False,True,False,False,False,False,False,True,False
110,True,14,False,False,False,False,True,False,False,False,False,True,True,False,False,False,False,False,True,False,False,False,False,False,True,False
120,True,14,False,False,False,False,False,True,False,False,False,True,True,False,False,False,False,False,True,False,False,False,False,False,True,False
420,True,14,False,False,False,True,False,False,False,False,True,False,False,True,False,False,False,False,True,False,False,False,False,False,True,False
315,True,14,False,False,False,False,False,True,False,False,True,False,False,True,False,False,False,False,True,False,False,False,False,False,True,False
205,True,14,False,True,False,False,False,False,False,False,True,False,False,True,False,False,False,False,True,False,False,False,False,False,True,False
110,True,14,False,False,False,False,True,False,False,False,False,True,True,False,False,False,False,False,True,False,False,False,False,False,True,False
225,True,14,False,False,False,False,False,True,False,True,False,False,False,True,False,False,False,False,True,False,False,False,False,False,False,True
120,True,14,False,False,False,False,False,True,False,False,False,True,True,False,False,False,False,False,True,False,False,False,False,False,False,True
110,True,14,False,False,False,False,True,False,False,False,False,True,True,False,False,False,False,False,True,False,False,False,False,False,False,True
125,True,14,False,False,False,False,False,False,True,False,False,True,True,False,False,False,False,False,True,False,False,False,False,False,False,True
275,False,15,False,False,False,False,False,True,False,False,True,False,False,True,False,False,True,False,False,False,False,False,True,False,False,False
455,False,15,False,False,False,False,False,True,False,False,True,False,False,True,False,False,True,False,False,False,False,False,True,False,False,False
525,False,15,False,False,False,False,False,True,False,True,False,False,False,True,False,False,True,False,False,False,False,False,True,False,False,False
135,False,15,False,False,True,False,False,False,False,False,False,True,True,False,False,False,True,False,False,False,False,False,True,False,False,False
140,False,15,False,False,True,False,False,False,False,False,False,True,True,False,False,False,True,False,False,False,False,False,False,True,False,False
525,True,15,False,False,False,False,False,True,False,True,False,False,False,False,True,False,True,False,False,False,False,False,False,True,False,False
635,False,15,False,False,False,False,False,True,False,True,False,False,False,False,True,False,True,False,False,False,False,False,False,True,False,False
465,False,15,False,False,False,False,False,True,False,True,False,False,False,True,False,False,True,False,False,False,False,False,False,True,False,False
375,False,15,False,False,False,False,False,True,False,False,True,False,False,True,False,False,True,False,False,False,False,False,False,True,False,False
390,False,15,False,False,False,False,False,True,False,True,False,False,False,True,False,False,True,False,False,False,False,False,False,True,False,False
450,False,15,False,False,False,False,False,True,False,False,True,False,False,True,False,False,True,False,False,False,False,False,False,True,False,False
120,False,15,False,False,False,False,False,False,True,False,False,True,True,False,False,False,True,False,False,False,False,False,False,True,False,False
110,False,15,False,False,False,False,True,False,False,False,False,True,True,False,False,False,True,False,False,False,False,False,False,True,False,False
115,False,15,False,False,True,False,False,False,False,False,False,True,True,False,False,False,True,False,False,False,False,False,False,False,True,False
290,False,15,False,False,False,False,False,True,False,True,False,False,False,True,False,False,True,False,False,False,False,False,False,False,True,False
225,True,15,False,False,False,False,False,True,False,True,False,False,False,True,False,False,True,False,False,False,False,False,False,False,True,False
415,True,15,False,False,False,False,False,True,False,True,False,False,False,False,True,False,True,False,False,False,False,False,False,False,True,False
285,False,15,False,False,False,False,False,True,False,False,True,False,False,True,False,False,True,False,False,False,False,False,False,False,True,False
280,False,15,False,False,False,False,False,True,False,True,False,False,False,True,False,False,True,False,False,False,False,False,False,False,True,False
380,False,15,False,False,False,False,False,True,False,False,True,False,False,True,False,False,True,False,False,False,False,False,False,False,True,False
105,True,15,True,False,False,False,False,False,False,False,True,False,True,False,False,False,True,False,False,False,False,False,False,False,True,False
125,False,15,False,False,False,False,False,False,True,False,False,True,True,False,False,False,True,False,False,False,False,False,False,False,True,False
95,False,15,False,False,False,False,True,False,False,False,True,False,True,False,False,False,True,False,False,False,False,False,False,False,True,False
115,False,15,False,False,True,False,False,False,False,False,False,True,True,False,False,False,True,False,False,False,False,False,False,False,True,False
100,True,15,True,False,False,False,False,False,False,False,True,False,True,False,False,False,True,False,False,False,False,False,False,False,True,False
265,False,15,False,False,False,False,False,True,False,True,False,False,False,True,False,False,True,False,False,False,False,False,False,False,True,False
235,False,15,False,False,False,True,False,False,False,False,True,False,False,True,False,False,True,False,False,False,False,False,False,False,False,True
115,False,15,False,False,True,False,False,False,False,False,False,True,True,False,False,False,True,False,False,False,False,False,False,False,False,True
120,True,15,True,False,False,False,False,False,False,False,False,True,True,False,False,False,True,False,False,False,False,False,False,False,False,True
110,False,15,False,False,False,False,True,False,False,False,False,True,True,False,False,False,True,False,False,False,False,False,False,False,False,True
205,True,16,False,False,False,False,False,True,False,True,False,False,False,True,False,False,False,False,False,False,True,False,True,False,False,False
110,False,16,False,False,False,False,True,False,False,False,False,True,True,False,False,False,False,False,False,False,True,False,True,False,False,False
140,False,16,False,False,True,False,False,False,False,False,False,True,True,False,False,False,False,False,False,False,True,False,False,True,False,False
105,False,16,False,False,False,False,True,False,False,True,False,False,True,False,False,False,False,False,False,False,True,False,False,True,False,False
390,True,16,False,False,False,False,False,True,False,True,False,False,False,True,False,False,False,False,False,False,True,False,False,True,False,False
115,False,16,False,False,True,False,False,False,False,False,False,True,True,False,False,False,False,False,False,False,True,False,False,False,True,False
115,False,16,False,False,False,False,True,False,False,False,False,True,True,False,False,False,False,False,False,False,True,False,False,False,True,False
115,False,16,False,False,True,False,False,False,False,False,False,True,True,False,False,False,False,False,False,False,True,False,False,False,True,False
290,True,16,False,False,False,False,False,True,False,True,False,False,False,True,False,False,False,False,False,False,True,False,False,False,True,False
220,True,16,False,False,False,False,False,True,False,True,False,False,False,True,False,False,False,False,False,False,True,False,False,False,True,False
230,False,16,False,False,False,False,False,True,False,True,False,False,False,True,False,False,False,False,False,False,True,False,False,False,True,False
365,True,16,False,False,False,True,False,False,False,True,False,False,False,False,True,False,False,False,False,False,True,False,False,False,True,False
400,True,16,False,False,False,False,False,True,False,True,False,False,False,False,True,False,False,False,False,False,True,False,False,False,True,False
280,True,16,False,False,False,False,False,True,False,True,False,False,False,True,False,False,False,False,False,False,True,False,False,False,True,False
115,False,16,False,False,True,False,False,False,False,False,False,True,True,False,False,False,False,False,False,False,True,False,False,False,True,False
125,False,16,False,False,False,False,False,False,True,False,False,True,True,False,False,False,False,False,False,False,True,False,False,False,True,False
265,True,16,False,False,False,False,False,True,False,True,False,False,False,True,False,False,False,False,False,False,True,False,False,False,True,False
115,False,16,False,False,True,False,False,False,False,False,False,True,True,False,False,False,False,False,False,False,True,False,False,False,False,True
120,False,16,True,False,False,False,False,False,False,False,False,True,True,False,False,False,False,False,False,False,True,False,False,False,False,True
110,False,16,False,False,False,False,True,False,False,False,False,True,True,False,False,False,False,False,False,False,True,False,False,False,False,True
110,False,17,False,False,False,False,True,False,False,False,False,True,True,False,False,False,False,False,False,False,False,True,True,False,False,False
140,False,17,False,False,True,False,False,False,False,False,False,True,True,False,False,False,False,False,False,False,False,True,False,True,False,False
105,False,17,False,False,False,False,True,False,False,True,False,False,True,False,False,False,False,False,False,False,False,True,False,True,False,False
115,False,17,False,False,True,False,False,False,False,False,False,True,True,False,False,False,False,False,False,False,False,True,False,False,True,False
110,False,17,False,False,False,False,True,False,False,False,False,True,True,False,False,False,False,False,False,False,False,True,False,False,True,False
115,False,17,False,False,True,False,False,False,False,False,False,True,True,False,False,False,False,False,False,False,False,True,False,False,True,False
120,False,17,True,False,False,False,False,False,False,False,False,True,True,False,False,False,False,False,False,False,False,True,False,False,True,False
125,False,17,False,False,False,False,False,False,True,False,False,True,True,False,False,False,False,False,False,False,False,True,False,False,True,False
115,False,17,False,False,True,False,False,False,False,False,False,True,True,False,False,False,False,False,False,False,False,True,False,False,True,False
110,False,17,False,False,False,False,True,False,False,False,False,True,True,False,False,False,False,False,False,False,False,True,False,False,True,False
115,False,17,False,False,True,False,False,False,False,False,False,True,True,False,False,False,False,False,False,False,False,True,False,False,False,True
445,True,18,False,False,False,False,False,True,False,True,False,False,False,False,True,False,False,False,False,True,False,False,True,False,False,False
205,False,18,False,False,False,False,False,True,False,True,False,False,False,True,False,False,False,False,False,True,False,False,True,False,False,False
140,False,18,False,False,True,False,False,False,False,False,False,True,True,False,False,False,False,False,False,True,False,False,False,True,False,False
465,True,18,False,False,False,False,False,True,False,True,False,False,False,True,False,False,False,False,False,True,False,False,False,True,False,False
110,False,18,False,False,False,False,True,False,False,False,False,True,True,False,False,False,False,False,False,True,False,False,False,True,False,False
390,True,18,False,False,False,False,False,True,False,True,False,False,False,True,False,False,False,False,False,True,False,False,False,True,False,False
490,False,18,False,False,False,False,False,True,False,True,False,False,False,True,False,False,False,False,False,True,False,False,False,True,False,False
555,False,18,False,False,True,False,False,False,False,True,False,False,False,True,False,False,False,False,False,True,False,False,False,True,False,False
110,False,18,False,False,False,False,True,False,False,False,False,True,True,False,False,False,False,False,False,True,False,False,False,True,False,False
115,False,18,False,False,True,False,False,False,False,False,False,True,True,False,False,False,False,False,False,True,False,False,False,False,True,False
105,False,18,False,False,False,False,True,False,False,True,False,False,True,False,False,False,False,False,False,True,False,False,False,False,True,False
115,False,18,False,False,True,False,False,False,False,False,False,True,True,False,False,False,False,False,False,True,False,False,False,False,True,False
540,False,18,False,False,False,False,True,False,False,True,False,False,False,True,False,False,False,False,False,True,False,False,False,False,True,False
290,True,18,False,False,False,False,False,True,False,True,False,False,False,True,False,False,False,False,False,True,False,False,False,False,True,False
280,True,18,False,False,False,False,False,True,False,True,False,False,False,True,False,False,False,False,False,True,False,False,False,False,True,False
115,False,18,False,False,True,False,False,False,False,False,False,True,True,False,False,False,False,False,False,True,False,False,False,False,True,False
110,False,18,False,False,False,False,True,False,False,False,False,True,True,False,False,False,False,False,False,True,False,False,False,False,True,False
115,False,18,False,False,True,False,False,False,False,False,False,True,True,False,False,False,False,False,False,True,False,False,False,False,False,True
125,False,18,False,False,False,False,False,False,True,False,False,True,True,False,False,False,False,False,False,True,False,False,False,False,False,True
120,True,18,False,False,False,False,False,True,False,False,False,True,True,False,False,False,False,False,False,True,False,False,False,False,False,True
205,True,19,False,False,False,False,False,True,False,True,False,False,False,True,False,True,False,False,False,False,False,False,True,False,False,False
135,False,19,False,False,True,False,False,False,False,False,False,True,True,False,False,True,False,False,False,False,False,False,True,False,False,False
140,False,19,False,False,True,False,False,False,False,False,False,True,True,False,False,True,False,False,False,False,False,False,False,True,False,False
465,True,19,False,False,False,False,False,True,False,True,False,False,False,True,False,True,False,False,False,False,False,False,False,True,False,False
565,True,19,False,False,False,False,False,True,False,True,False,False,False,False,True,True,False,False,False,False,False,False,False,True,False,False
245,True,19,False,False,False,False,False,True,False,True,False,False,False,True,False,True,False,False,False,False,False,False,False,True,False,False
115,True,19,False,False,True,False,False,False,False,False,False,True,True,False,False,True,False,False,False,False,False,False,False,False,True,False
120,True,19,False,False,False,False,False,True,False,False,False,True,True,False,False,True,False,False,False,False,False,False,False,False,True,False
110,False,19,False,False,False,False,True,False,False,False,False,True,True,False,False,True,False,False,False,False,False,False,False,False,True,False
290,True,19,False,False,False,False,False,True,False,True,False,False,False,True,False,True,False,False,False,False,False,False,False,False,True,False
400,True,19,False,False,False,False,False,True,False,True,False,False,False,False,True,True,False,False,False,False,False,False,False,False,True,False
315,True,19,False,False,False,False,False,True,False,True,False,False,False,True,False,True,False,False,False,False,False,False,False,False,True,False
480,True,19,False,False,False,False,False,True,False,True,False,False,False,True,False,True,False,False,False,False,False,False,False,False,True,False
120,True,19,False,False,False,False,False,True,False,False,False,True,True,False,False,True,False,False,False,False,False,False,False,False,True,False
115,True,19,False,False,True,False,False,False,False,False,False,True,True,False,False,True,False,False,False,False,False,False,False,False,True,False
270,True,19,False,False,False,False,False,True,False,True,False,False,False,True,False,True,False,False,False,False,False,False,False,False,True,False
330,True,19,False,False,False,False,False,True,False,True,False,False,False,True,False,True,False,False,False,False,False,False,False,False,True,False
120,True,19,False,False,False,False,False,True,False,False,False,True,True,False,False,True,False,False,False,False,False,False,False,False,True,False
115,False,19,False,False,True,False,False,False,False,False,False,True,True,False,False,True,False,False,False,False,False,False,False,False,False,True
125,False,19,False,False,False,False,False,False,True,False,False,True,True,False,False,True,False,False,False,False,False,False,False,False,False,True
485,False,20,False,False,False,False,False,True,False,True,False,False,False,True,False,False,False,True,False,False,False,False,True,False,False,False
140,False,20,False,False,True,False,False,False,False,False,False,True,True,False,False,False,False,True,False,False,False,False,False,True,False,False
110,False,20,False,False,False,False,True,False,False,False,False,True,True,False,False,False,False,True,False,False,False,False,False,True,False,False
105,False,20,False,False,False,False,True,False,False,True,False,False,True,False,False,False,False,True,False,False,False,False,False,True,False,False
260,True,20,False,False,False,False,False,True,False,True,False,False,False,True,False,False,False,True,False,False,False,False,False,True,False,False
120,False,20,False,False,False,True,False,False,False,False,False,True,True,False,False,False,False,True,False,False,False,False,False,True,False,False
120,False,20,False,False,False,False,False,False,True,False,False,True,True,False,False,False,False,True,False,False,False,False,False,True,False,False
570,True,20,False,False,True,False,False,False,False,True,False,False,False,True,False,False,False,True,False,False,False,False,False,True,False,False
570,True,20,False,False,False,False,True,False,False,True,False,False,False,True,False,False,False,True,False,False,False,False,False,True,False,False
555,True,20,False,False,True,False,False,False,False,True,False,False,False,True,False,False,False,True,False,False,False,False,False,True,False,False
110,False,20,False,False,False,False,True,False,False,False,False,True,True,False,False,False,False,True,False,False,False,False,False,True,False,False
310,False,20,False,False,False,False,False,False,True,False,False,True,False,True,False,False,False,True,False,False,False,False,False,True,False,False
120,True,20,False,False,False,False,False,True,False,False,False,True,True,False,False,False,False,True,False,False,False,False,False,True,False,False
115,False,20,False,False,True,False,False,False,False,False,False,True,True,False,False,False,False,True,False,False,False,False,False,False,True,False
120,True,20,False,False,False,False,False,True,False,False,False,True,True,False,False,False,False,True,False,False,False,False,False,False,True,False
400,True,20,False,False,False,False,False,True,False,True,False,False,False,False,True,False,False,True,False,False,False,False,False,False,True,False
430,True,20,False,False,False,True,False,False,False,True,False,False,False,False,True,False,False,True,False,False,False,False,False,False,True,False
400,True,20,False,False,False,True,False,False,False,True,False,False,False,False,True,False,False,True,False,False,False,False,False,False,True,False
110,False,20,False,False,False,False,True,False,False,False,False,True,True,False,False,False,False,True,False,False,False,False,False,False,True,False
140,False,21,False,False,True,False,False,False,False,False,False,True,True,False,False,False,False,False,True,False,False,False,False,True,False,False
105,False,21,False,False,False,False,True,False,False,True,False,False,True,False,False,False,False,False,True,False,False,False,False,True,False,False
245,True,21,False,False,False,False,False,True,False,True,False,False,False,True,False,False,False,False,True,False,False,False,False,True,False,False
605,True,21,False,False,False,False,False,True,False,True,False,False,False,False,True,False,False,False,True,False,False,False,False,True,False,False
250,True,21,False,False,False,False,False,True,False,True,False,False,False,True,False,False,False,False,True,False,False,False,False,True,False,False
435,False,21,False,False,False,False,False,True,False,True,False,False,False,True,False,False,False,False,True,False,False,False,False,True,False,False
490,False,21,False,False,True,False,False,False,False,True,False,False,False,True,False,False,False,False,True,False,False,False,False,True,False,False
115,False,21,False,False,True,False,False,False,False,False,False,True,True,False,False,False,False,False,True,False,False,False,False,True,False,False
115,False,21,False,False,False,False,False,False,True,False,False,True,True,False,False,False,False,False,True,False,False,False,False,True,False,False
115,False,21,False,False,True,False,False,False,False,False,False,True,True,False,False,False,False,False,True,False,False,False,False,True,False,False
115,False,21,False,False,True,False,False,False,False,False,False,True,True,False,False,False,False,False,True,False,False,False,False,False,True,False
460,False,21,False,False,False,False,True,False,False,True,False,False,False,True,False,False,False,False,True,False,False,False,False,False,True,False
365,True,21,False,False,False,False,False,True,False,True,False,False,False,False,True,False,False,False,True,False,False,False,False,False,True,False
425,False,21,False,False,False,False,False,True,False,True,False,False,False,True,False,False,False,False,True,False,False,False,False,False,True,False
120,True,21,False,False,False,False,False,True,False,False,False,True,True,False,False,False,False,False,True,False,False,False,False,False,True,False
115,False,21,False,False,True,False,False,False,False,False,False,True,True,False,False,False,False,False,True,False,False,False,False,False,False,True
225,True,21,False,False,False,False,False,True,False,True,False,False,False,True,False,False,False,False,True,False,False,False,False,False,False,True
120,True,21,False,False,False,False,False,True,False,False,False,True,True,False,False,False,False,False,True,False,False,False,False,False,False,True
110,False,21,False,False,False,False,True,False,False,False,False,True,True,False,False,False,False,False,True,False,False,False,False,False,False,True
125,False,21,False,False,False,False,False,False,True,False,False,True,True,False,False,False,False,False,True,False,False,False,False,False,False,True
650,False,22,False,False,False,False,True,False,False,True,False,False,False,True,False,False,True,False,False,False,False,False,False,True,False,False
510,False,22,False,False,False,False,True,False,False,True,False,False,False,True,False,False,True,False,False,False,False,False,False,True,False,False
550,False,22,False,False,False,False,True,False,False,True,False,False,False,True,False,False,True,False,False,False,False,False,False,True,False,False
570,False,22,False,False,False,False,True,False,False,True,False,False,False,True,False,False,True,False,False,False,False,False,False,True,False,False
110,False,23,False,False,False,False,True,False,False,False,False,True,True,False,False,False,False,False,False,False,True,False,True,False,False,False
525,False,23,False,False,False,False,False,True,False,True,False,False,False,True,False,False,False,False,False,False,True,False,True,False,False,False
140,False,23,False,False,True,False,False,False,False,False,False,True,True,False,False,False,False,False,False,False,True,False,False,True,False,False
635,False,23,False,False,False,False,False,True,False,True,False,False,False,False,True,False,False,False,False,False,True,False,False,True,False,False
465,False,23,False,False,False,False,False,True,False,True,False,False,False,True,False,False,False,False,False,False,True,False,False,True,False,False
105,False,23,False,False,False,False,True,False,False,True,False,False,True,False,False,False,False,False,False,False,True,False,False,True,False,False
560,False,23,False,False,False,False,False,True,False,True,False,False,False,False,True,False,False,False,False,False,True,False,False,True,False,False
390,False,23,False,False,False,False,False,True,False,True,False,False,False,True,False,False,False,False,False,False,True,False,False,True,False,False
115,False,23,False,False,True,False,False,False,False,False,False,True,True,False,False,False,False,False,False,False,True,False,False,False,True,False
115,False,23,False,False,False,False,True,False,False,False,False,True,True,False,False,False,False,False,False,False,True,False,False,False,True,False
115,False,23,False,False,True,False,False,False,False,False,False,True,True,False,False,False,False,False,False,False,True,False,False,False,True,False
220,True,23,False,False,False,False,False,True,False,True,False,False,False,True,False,False,False,False,False,False,True,False,False,False,True,False
290,False,23,False,False,False,False,False,True,False,True,False,False,False,True,False,False,False,False,False,False,True,False,False,False,True,False
115,False,23,False,False,True,False,False,False,False,False,False,True,True,False,False,False,False,False,False,False,True,False,False,False,True,False
125,False,23,False,False,False,False,False,False,True,False,False,True,True,False,False,False,False,False,False,False,True,False,False,False,True,False
330,True,23,False,False,False,False,False,True,False,True,False,False,False,True,False,False,False,False,False,False,True,False,False,False,True,False
270,False,23,False,False,False,False,False,True,False,True,False,False,False,True,False,False,False,False,False,False,True,False,False,False,True,False
115,False,23,False,False,True,False,False,False,False,False,False,True,True,False,False,False,False,False,False,False,True,False,False,False,False,True
120,False,23,True,False,False,False,False,False,False,False,False,True,True,False,False,False,False,False,False,False,True,False,False,False,False,True
110,False,23,False,False,False,False,True,False,False,False,False,True,True,False,False,False,False,False,False,False,True,False,False,False,False,True
110,False,24,False,False,False,False,True,False,False,False,False,True,True,False,False,False,False,False,False,False,False,True,True,False,False,False
115,False,24,False,False,True,False,False,False,False,False,False,True,True,False,False,False,False,False,False,False,False,True,False,False,True,False
110,False,24,False,False,False,False,True,False,False,False,False,True,True,False,False,False,False,False,False,False,False,True,False,False,True,False
115,False,24,False,False,True,False,False,False,False,False,False,True,True,False,False,False,False,False,False,False,False,True,False,False,True,False
125,False,24,False,False,False,False,False,False,True,False,False,True,True,False,False,False,False,False,False,False,False,True,False,False,True,False
125,False,24,False,False,False,True,False,False,False,False,False,True,True,False,False,False,False,False,False,False,False,True,False,False,True,False
115,False,24,False,False,True,False,False,False,False,False,False,True,True,False,False,False,False,False,False,False,False,True,False,False,True,False
110,False,24,False,False,False,False,True,False,False,False,False,True,True,False,False,False,False,False,False,False,False,True,False,False,True,False
115,False,24,False,False,True,False,False,False,False,False,False,True,True,False,False,False,False,False,False,False,False,True,False,False,False,True
125,False,24,False,False,False,False,False,False,True,False,False,True,True,False,False,False,False,False,False,False,False,True,False,False,False,True
205,True,25,False,False,False,False,False,True,False,True,False,False,False,True,False,False,False,False,False,True,False,False,True,False,False,False
140,False,25,False,False,True,False,False,False,False,False,False,True,True,False,False,False,False,False,False,True,False,False,False,True,False,False
110,False,25,False,False,False,False,True,False,False,False,False,True,True,False,False,False,False,False,False,True,False,False,False,True,False,False
465,True,25,False,False,False,False,False,True,False,True,False,False,False,True,False,False,False,False,False,True,False,False,False,True,False,False
415,True,25,False,False,False,False,False,True,False,True,False,False,False,False,True,False,False,False,False,True,False,False,False,True,False,False
390,True,25,False,False,False,False,False,True,False,True,False,False,False,True,False,False,False,False,False,True,False,False,False,True,False,False
110,False,25,False,False,False,False,True,False,False,False,False,True,True,False,False,False,False,False,False,True,False,False,False,True,False,False
115,False,25,False,False,True,False,False,False,False,False,False,True,True,False,False,False,False,False,False,True,False,False,False,False,True,False
105,False,25,False,False,False,False,True,False,False,True,False,False,True,False,False,False,False,False,False,True,False,False,False,False,True,False
115,False,25,False,False,True,False,False,False,False,False,False,True,True,False,False,False,False,False,False,True,False,False,False,False,True,False
540,False,25,False,False,False,False,True,False,False,True,False,False,False,True,False,False,False,False,False,True,False,False,False,False,True,False
290,False,25,False,False,False,False,False,True,False,True,False,False,False,True,False,False,False,False,False,True,False,False,False,False,True,False
415,True,25,False,False,False,False,False,True,False,True,False,False,False,False,True,False,False,False,False,True,False,False,False,False,True,False
280,True,25,False,False,False,False,False,True,False,True,False,False,False,True,False,False,False,False,False,True,False,False,False,False,True,False
115,False,25,False,False,True,False,False,False,False,False,False,True,True,False,False,False,False,False,False,True,False,False,False,False,True,False
110,False,25,False,False,False,False,True,False,False,False,False,True,True,False,False,False,False,False,False,True,False,False,False,False,True,False
265,True,25,False,False,False,False,False,True,False,True,False,False,False,True,False,False,False,False,False,True,False,False,False,False,True,False
115,False,25,False,False,True,False,False,False,False,False,False,True,True,False,False,False,False,False,False,True,False,False,False,False,False,True
125,False,25,False,False,False,False,False,False,True,False,False,True,True,False,False,False,False,False,False,True,False,False,False,False,False,True
120,False,25,False,False,False,False,False,True,False,False,False,True,True,False,False,False,False,False,False,True,False,False,False,False,False,True
205,True,26,False,False,False,False,False,True,False,True,False,False,False,True,False,True,False,False,False,False,False,False,True,False,False,False
635,False,26,False,False,False,False,False,True,False,True,False,False,False,False,True,True,False,False,False,False,False,False,False,True,False,False
465,True,26,False,False,False,False,False,True,False,True,False,False,False,True,False,True,False,False,False,False,False,False,False,True,False,False
245,False,26,False,False,False,False,False,True,False,True,False,False,False,True,False,True,False,False,False,False,False,False,False,True,False,False
395,False,26,False,False,False,False,False,True,False,True,False,False,False,False,True,True,False,False,False,False,False,False,False,True,False,False
400,False,26,False,False,False,False,False,True,False,True,False,False,False,False,True,True,False,False,False,False,False,False,False,False,True,False
220,True,26,False,False,False,False,False,True,False,True,False,False,False,True,False,True,False,False,False,False,False,False,False,False,True,False
290,False,26,False,False,False,False,False,True,False,True,False,False,False,True,False,True,False,False,False,False,False,False,False,False,True,False
280,False,26,False,False,False,False,False,True,False,True,False,False,False,True,False,True,False,False,False,False,False,False,False,False,True,False
420,False,26,False,False,True,False,False,False,False,True,False,False,False,True,False,True,False,False,False,False,False,False,False,False,False,True
445,True,27,False,False,False,False,False,True,False,True,False,False,False,False,True,False,False,True,False,False,False,False,True,False,False,False
485,True,27,False,False,False,False,False,True,False,True,False,False,False,True,False,False,False,True,False,False,False,False,True,False,False,False
105,False,27,False,False,False,False,True,False,False,True,False,False,True,False,False,False,False,True,False,False,False,False,False,True,False,False
260,True,27,False,False,False,False,False,True,False,True,False,False,False,True,False,False,False,True,False,False,False,False,False,True,False,False
430,True,27,False,False,False,False,False,True,False,True,False,False,False,False,True,False,False,True,False,False,False,False,False,True,False,False
575,False,27,False,False,True,False,False,False,False,True,False,False,False,True,False,False,False,True,False,False,False,False,False,True,False,False
570,False,27,False,False,False,False,True,False,False,True,False,False,False,True,False,False,False,True,False,False,False,False,False,True,False,False
570,False,27,False,False,True,False,False,False,False,True,False,False,False,True,False,False,False,True,False,False,False,False,False,True,False,False
575,False,27,False,False,False,False,True,False,False,True,False,False,False,True,False,False,False,True,False,False,False,False,False,True,False,False
400,True,27,False,False,False,True,False,False,False,True,False,False,False,False,True,False,False,True,False,False,False,False,False,False,True,False
105,False,28,False,False,False,False,True,False,False,True,False,False,True,False,False,False,False,False,True,False,False,False,False,True,False,False
435,True,28,False,False,False,False,False,True,False,True,False,False,False,True,False,False,False,False,True,False,False,False,False,True,False,False
460,True,28,False,False,True,False,False,False,False,True,False,False,False,True,False,False,False,False,True,False,False,False,False,True,False,False
490,False,28,False,False,True,False,False,False,False,True,False,False,False,True,False,False,False,False,True,False,False,False,False,True,False,False
460,False,28,False,False,False,False,True,False,False,True,False,False,False,True,False,False,False,False,True,False,False,False,False,False,True,False
405,True,28,False,False,False,False,False,True,False,True,False,False,False,False,True,False,False,False,True,False,False,False,False,False,True,False
295,True,28,False,False,False,False,False,True,False,True,False,False,False,True,False,False,False,False,True,False,False,False,False,False,True,False
425,True,28,False,False,False,True,False,False,False,True,False,False,False,False,True,False,False,False,True,False,False,False,False,False,True,False
225,True,28,False,False,False,False,False,True,False,True,False,False,False,True,False,False,False,False,True,False,False,False,False,False,False,True
650,True,29,False,False,False,False,True,False,False,True,False,False,False,True,False,False,True,False,False,False,False,False,False,True,False,False
675,False,29,False,False,False,False,True,False,False,True,False,False,False,True,False,False,True,False,False,False,False,False,False,True,False,False
510,True,29,False,False,False,False,True,False,False,True,False,False,False,True,False,False,True,False,False,False,False,False,False,True,False,False
570,False,29,False,False,False,False,True,False,False,True,False,False,False,True,False,False,True,False,False,False,False,False,False,True,False,False
205,True,30,False,False,False,False,False,True,False,True,False,False,False,True,False,False,False,False,False,False,True,False,True,False,False,False
525,False,30,False,False,False,False,False,True,False,True,False,False,False,True,False,False,False,False,False,False,True,False,True,False,False,False
465,False,30,False,False,False,False,False,True,False,True,False,False,False,True,False,False,False,False,False,False,True,False,False,True,False,False
105,False,30,False,False,False,False,True,False,False,True,False,False,True,False,False,False,False,False,False,False,True,False,False,True,False,False
390,False,30,False,False,False,False,False,True,False,True,False,False,False,True,False,False,False,False,False,False,True,False,False,True,False,False
400,True,30,False,False,False,False,False,True,False,True,False,False,False,False,True,False,False,False,False,False,True,False,False,False,True,False
290,False,30,False,False,False,False,False,True,False,True,False,False,False,True,False,False,False,False,False,False,True,False,False,False,True,False
220,True,30,False,False,False,False,False,True,False,True,False,False,False,True,False,False,False,False,False,False,True,False,False,False,True,False
280,False,30,False,False,False,False,False,True,False,True,False,False,False,True,False,False,False,False,False,False,True,False,False,False,True,False
265,False,30,False,False,False,False,False,True,False,True,False,False,False,True,False,False,False,False,False,False,True,False,False,False,True,False
